House_Size,Num_Bedrooms,House_Age,Distance_to_City,Price
61.61260317999943,3,21.214844294244408,23.65911637781778,506585.09682251146
286.19143247060697,3,36.49301544242392,3.7657764659187003,1552871.8099405973
202.65501061040814,2,2.887052593458689,28.652517837693754,1192196.754532035
57.195669078334745,2,45.016063403713574,25.72496369321194,290822.57270412426
278.711475267025,4,28.590458180357686,29.667127791867955,1731601.6930600211
216.8894346302568,4,19.211981006869067,22.687318657950083,1360787.0111102897
258.82562389730947,2,36.77528032437688,29.200179972162996,1276755.8742695283
240.90144853994022,3,42.85647799281411,6.576986984975196,1429958.3451605116
138.33805700651322,4,20.348595481713193,9.279754623436835,1084436.7623366131
184.3489007344807,2,29.674288148796734,18.51167849366806,1013198.842135436
185.67402078956212,5,0.6357444993446759,17.641396369030886,1384115.42455141
112.94557395634104,5,19.38367973751971,10.771977045806238,983741.8172251156
55.61732708002935,4,16.604968269656823,10.85333702666647,594198.6698839522
136.73830047405693,1,23.348399998180536,11.763915964566412,690842.9803125998
81.89507569889093,1,49.005449620688346,11.994702092893762,358824.8962189055
239.46152761609227,2,41.01887537244867,24.732717427958782,1222547.5617265892
75.44561815510093,5,8.858546263593276,28.25802196712485,793418.6847222678
263.25236386684,4,15.434937168659763,18.43197817310552,1628328.7841247595
135.45433792446897,2,45.30329428431826,13.502259747813145,626857.8598325806
113.66016369094096,1,28.13558495111696,18.873120274753994,539064.3337840157
293.96301986563367,4,19.869069524265825,28.151747042983356,1806764.0466186502
139.70762103087563,3,46.46286990036146,23.892873235493983,852832.7886617655
115.56601107495626,1,34.49998686544717,26.030930594336432,485902.8304512517
96.21361388138176,5,46.01485906097039,27.140109802616113,726681.5772507217
123.28693256525331,5,27.19028639331187,2.610225951465366,954299.6858032419
232.99848545285127,5,22.506221620987983,20.11429916961627,1520668.035581077
204.53206011447395,1,43.14402514562062,22.99655454657533,919979.6165311903
175.78406464502194,4,1.4682079551196159,23.816315597356695,1231686.0002626088
155.3561376481245,2,1.5710910755636465,11.610688477149532,954139.1579620352
262.4118476693528,4,44.11292780474238,4.006678841294018,1540884.4799848965
149.62618359934336,3,49.85390785408308,11.793811362931358,898082.2372050692
140.24347423500672,2,43.19807903675051,16.171147600217793,767592.177109144
223.9371722461543,2,47.40541600857211,25.861958168464387,1075480.3956940533
287.3801559144105,4,49.56316133668166,14.07251223270455,1684292.2883704994
287.2213843133333,4,39.124246228196895,18.48886487894498,1733787.383424674
92.63103092182288,1,25.73287932867558,23.143792997130603,449535.2481595704
175.65927327629802,5,15.75947605486795,28.114838523324195,1272015.8930645483
147.32390351049412,4,13.811866248757653,8.234287924503736,1148561.8899249719
275.10451429083264,5,2.8068051708105,23.68296662964614,1834989.3296306978
79.01816012672906,5,39.929663619137564,27.434117506434177,712223.3695285384
199.66462104925915,1,11.348234718268207,4.157906105450133,1043544.6875599846
201.60726491489748,3,45.46950960041981,9.956198296212884,1265001.0337055866
61.30466752654735,4,42.1962306305862,14.063878572647265,524275.962265577
280.6248452943239,1,43.34667341759418,4.39334002088044,1309182.0524650114
179.07508707529882,1,4.6703985987647805,16.717712171803214,898617.5909224673
69.24497745719825,5,32.878015638901154,11.225475571936887,691896.4120942149
85.74792051320897,5,31.06722486267648,12.159304899411994,797987.1838641552
68.5111629335226,3,9.029729908765043,20.70694788688334,498187.4183836265
127.74558042891555,1,5.3971857323232175,25.350130015554917,614354.6249689576
166.39950453311502,3,37.92125089345556,14.069907773228481,932485.4854627507
132.7245062131623,5,26.977811024775256,13.39755310851524,943087.376399808
223.67411771360668,5,9.015396771138906,17.861096061878595,1554210.8288993957
286.82083490295383,2,29.16287462280578,17.314100836918374,1463198.6236029672
217.02128414266153,5,41.165471491035895,18.71235118986612,1416965.662937819
237.71776694787434,4,3.4252703313489787,1.2309677376180828,1559636.4024292263
119.9834742364857,4,18.15503683170052,13.713164420892078,842864.8351248997
87.60422277588205,4,19.839842354315824,2.2422890984542843,779205.650459576
123.61643988547942,1,10.990267441159501,18.32148019025061,630559.3085251396
273.6380567235228,4,18.386682540255496,15.683578971273766,1786784.911903392
88.99863008405066,1,22.530982836487894,15.448844014478915,468641.7901479244
253.64368005784553,5,11.037274422639086,26.864899994440314,1825588.3908611124
143.717644880926,4,24.418731449146936,17.686872231298302,1077533.4307673986
156.8852545896374,4,4.6878460322778315,18.22027194347885,1113197.7046707673
224.253935248817,4,11.307352579497037,18.558997407217735,1468918.045095833
196.44389531836583,2,45.91039998113876,13.397373860346017,1030172.7570171793
265.44640525337934,1,38.53903091319399,21.535533212118136,1226577.8470141054
224.16270596922305,2,35.98957266773431,20.08439495772652,1163526.3508371243
79.54120690541407,1,40.30979405018954,12.821352881410018,309204.2889654885
273.80170942179984,5,26.59563532621317,12.774342249477208,1711281.8539250207
224.18429134103766,2,42.186866320336215,14.616240719272017,1139950.545014767
163.91418819642823,2,13.133782129932586,22.826510528083244,954719.5044091478
273.13974962249443,3,42.402389556538594,16.428628690543302,1388746.580390012
101.97156378650683,3,45.55343513836918,17.137229968938236,675361.0177367392
123.61222301739642,4,47.35179938693615,29.720491677952786,876292.9051294744
260.52973078392716,5,14.228115088144877,18.643859140520515,1804205.6888906632
227.01814444901137,3,22.163654372180915,7.354406904628214,1429630.0476289655
231.48891971755984,4,23.08664068061911,25.45506463715567,1444441.7414014249
72.1756334392639,5,18.502616733712763,24.90547986449881,818557.5323832629
205.82453170688947,2,13.466564915101253,17.336414618958354,1098310.9393154008
136.42399837597986,3,43.17003834285009,16.86988809219865,816390.2625657144
82.2199304776623,1,3.369227739276126,19.986563185332674,468156.2596020656
191.28329589730222,1,9.392142626888706,20.924135366891935,977955.6719621976
94.27766985176223,1,19.672392328179576,20.64868741960249,436349.3831336843
57.62506248476236,5,32.98146831973711,8.23620663830921,650521.7184449574
222.97379942317332,2,46.13115290438948,26.500889585119314,1124019.983511137
291.25672766662814,2,30.105849267738975,26.652915494714446,1619408.4065244647
193.86854446896973,1,37.979120505731586,24.191844154980974,819033.7115088108
70.8751791746672,4,43.86197285811002,5.841001053707543,672718.6730085793
148.2744311666901,1,2.3250293220032745,1.574074092070377,956089.8117011247
200.12921510841335,5,49.510444679381074,6.492409118660537,1434520.3627156664
84.22140751720181,2,23.67004407474563,8.915549847213146,478805.27281928796
283.0295706209031,5,37.98057143498983,17.227786779494917,1852241.974544406
184.0240915860301,4,11.942833020096383,1.3876628145224734,1283796.1184159666
290.5431371186355,2,11.011265068865756,16.853872397879375,1453519.1684274685
164.56322262287915,1,32.5833959353213,27.54245836261687,729670.1002427458
105.89895962986316,5,1.6322838772834303,21.20219086530431,878949.2916845125
118.07683162984223,3,33.77900459751299,25.63649224914914,784607.1753507135
137.72875313801967,5,41.97304547503835,12.921714657532753,1117800.26639231
266.54403644373383,1,5.284673995313705,28.637580614188074,1372900.6114137154
110.51381787787511,1,31.8245325524577,19.224587375150968,463383.4959241722
201.54365861272,3,35.921461490936764,16.111122524743248,1165974.0021947126
71.20942852129798,3,2.3061782167866918,13.011826841583078,611433.3143407688
163.6352661919433,3,22.26230561423941,20.524146741281413,992762.5167044289
72.80152576217259,3,48.31217053533991,10.998661182106764,515099.55558785464
230.00913413651858,2,23.912994209761173,21.740407188626996,1200950.0200818656
199.35327554257708,5,29.110437988411558,27.483747732222234,1322793.8790056736
61.50066050543819,1,48.38779385516944,1.855617599210972,260658.6095710756
86.76837023225949,1,41.0006314559678,28.796437234364465,276523.0757544002
92.91982146207587,5,43.96275574231923,10.081732853063535,781846.9440237243
159.36873050593226,2,6.94356631982585,25.983897509579915,896467.1181048234
274.19710247650295,1,29.514277147657985,23.814541880511964,1255366.2330327113
253.2252522825194,5,2.242678401178433,11.99756957823302,1772179.2997588504
295.00814382136923,1,19.968437419734546,22.69875210862498,1449569.5189630683
252.4686114636587,2,26.122207270273222,27.554494735587845,1334267.4832336465
144.06489638272893,2,3.2245635624583766,10.019072347247727,898468.08125694
276.588596273684,2,49.45141791750869,22.73232313123361,1429801.4833519543
273.0116387942783,2,30.984972009970786,12.329781218592236,1440541.1230056759
214.67340790473625,1,10.487647384184068,15.894720349785413,1120272.1167511183
100.40683001193614,4,12.802378255247715,13.626415739096332,796527.2207928937
212.99031487565014,5,23.603021709849912,24.454909552342617,1442406.1959750317
78.96726488128243,2,16.002991626049173,13.510038814448166,533868.3494731913
62.86968781249734,5,35.14717204893384,12.040000753665108,678813.3918982281
185.15878040252662,2,39.91720941121641,2.4641793879598297,995059.0805797746
59.170800722649474,2,48.601262824829554,28.87362305559479,272222.58349471266
230.56314209826658,5,12.111560891228345,12.475530943639985,1599517.1342829051
277.73179612346064,1,23.487188149534187,7.030734419392308,1395620.8990543848
93.30046747750379,4,36.25927740136954,18.315777335414875,771628.058741886
275.28950262274725,1,33.82131811691961,7.435113362746813,1384654.7570683886
198.90968515196107,5,45.93673553031887,18.306516178888998,1313662.923913445
134.403792850907,1,10.860454884560527,13.062373232873796,702064.1881706901
83.60366923474356,2,37.73106107992959,18.22840063652166,485463.6127241593
69.61409533556649,2,17.833548707088237,22.44283866510804,400045.8944387606
66.62406684169437,2,2.9735784433640386,18.488147096545216,497339.6454294965
113.10923608600518,1,11.424337337738539,26.859615090879633,569826.9885235577
143.63502971184062,4,24.77260517304909,16.289747161863467,1051986.3128829463
152.2382361035675,5,9.792040629345944,10.484294680402716,1267081.262108839
130.58846124368074,5,24.57090887642784,7.693044963869421,999505.4249287448
217.8932988981999,1,41.47937784326252,21.68384017441677,951310.7017142243
210.99988580975395,1,27.60346823266889,2.318122512638083,990548.4805749017
299.15920926847633,5,46.4713347236557,25.427439637748087,1796630.2541463217
188.4635711003302,3,6.876188740850769,23.416614917862017,1114609.2793819727
130.01240025765293,2,40.36980151699757,3.2224383877822156,650860.7639274318
178.02326457482025,1,14.972175524594334,4.628632457110661,961028.4810374818
156.77694715656406,2,37.81323289457263,1.2926275939817171,815105.2564948947
135.20088506325447,4,17.019004633333743,21.896400910687777,967662.5825613047
247.89476093146214,2,21.07220207896237,24.04008337580623,1250868.9256882663
187.9767096936214,5,40.01774395117033,5.601687337000863,1316787.4546919619
195.76039024242306,3,47.44229779155652,27.893300237002617,1103811.7226535727
79.89856148457542,4,17.119181801677325,23.13014254443794,716990.5421863513
194.1291188785634,5,14.55721238925895,29.560526575045728,1418042.9814915725
78.36838031014727,5,47.51563764652958,4.447357344135088,653559.4534956762
177.83559971523445,4,23.008113224421983,5.9912074818605525,1200027.5878896061
101.24607385395524,4,39.10076674664836,6.795396867176246,758041.4602654789
296.72173415012935,4,43.96343299989191,26.44331275395254,1780945.5491200879
59.337047187303604,3,8.080990564293572,1.0585370146987836,630071.2969574896
105.52695261768255,2,32.16825899558921,22.220017360362174,558369.6142327966
62.92043029215192,1,14.121544934325586,19.130938316382824,320920.9351018884
64.38969000416107,5,35.38441631653094,13.020965879686976,749247.8220055881
188.58851312785018,1,25.352555193272053,16.859403010405295,880313.2356528353
121.2101235943669,1,25.505485624941258,7.394164605984085,559792.6908564601
173.60507617564537,5,6.372697971143449,14.393460956978199,1246471.0456637524
164.78393905956534,5,4.219619027227117,19.466089794285487,1253155.6063396917
130.80073300518882,3,33.15210022502461,18.679299338050157,791654.0021870617
244.2867289818592,2,43.86308814130898,8.068154993205912,1345351.692062311
72.57244251360208,2,6.118837866258897,5.9905876495625225,482144.4889371072
198.1036422155106,2,3.435641625913388,14.288804861392181,1158675.8248048993
149.32182264009182,4,43.447212613957255,6.053058647716007,918334.2636538328
208.27536431831697,1,42.636400993785564,4.607102105998406,964205.0345534325
237.6536879102146,4,34.083474120081,27.796779242346254,1413952.501851531
102.47639827389645,2,9.140361832845024,7.875456547002862,676120.8493321635
197.72323579706045,4,40.068345790975954,3.8488147734833342,1286690.8285541276
297.4900580974863,1,15.122373914468994,2.929300638114802,1542769.241864985
290.6118237355278,4,9.065963996275261,4.635337797979183,1808677.3570226557
106.6239437994845,2,8.674003713297862,25.663676828064293,747915.5066166328
64.52090304204987,2,44.12297202280499,12.793548029958911,374184.2514177563
274.89364331864215,5,49.52730163850667,4.318514039758398,1756014.9941241564
292.32563390477475,1,17.04078498949233,28.59181883304475,1510699.137569002
253.86535711370854,4,11.053168572686422,22.801393018133705,1543460.1670764696
197.57373562870194,5,43.88235098253907,13.138886280413185,1355274.0540101654
280.2104706543431,5,20.07228154565968,29.136824988031428,1833502.462643721
211.36807397679195,3,44.106780714103,10.670415214284304,1221679.3396236002
59.2217368386332,3,36.17023828061431,23.11200364979104,400769.71545456274
176.4721697211165,2,10.963698096193786,1.4588719879078038,1058206.642966925
98.81074694951113,4,11.83921546556927,18.55963823186042,758808.0895139099
214.40322307508583,1,48.7417326390556,28.1236158578145,926233.9058079617
249.9638139868288,1,9.086959535473149,11.161984250295724,1287423.7442201339
224.54042850493627,3,45.36900823564235,15.04598836245375,1262121.2474391367
79.9663418334207,2,39.019988807363724,19.57843219127501,414654.8704763962
249.8539697422448,4,27.34298204875631,1.4401295863179802,1529612.343827351
249.32384144488842,5,34.08743220450806,26.386763128533193,1570817.5402470906
214.99601150854477,4,8.264705548508728,16.929983372923015,1476860.5028391469
173.79422752781755,4,47.99132590379645,6.158755597421679,1157528.3706638787
122.15763831006394,3,34.037794648024274,26.566853556461933,729836.9478576302
107.19954137290561,3,43.990824297096935,23.44328043134929,621020.5361360888
82.01145973944311,1,19.369629283432964,24.889254478174564,382734.07734370616
72.12312551297987,3,4.750584949615233,19.427865724126157,611320.0526518801
273.8808071240501,3,2.9546945039126635,26.306438273858223,1608523.487430804
143.5676989390301,4,14.191422351176014,26.56821198764867,1001671.9729835626
183.36527299408039,2,40.45915855695155,5.933347101969163,1012017.6458973925
84.20465772974035,5,33.717448951173445,17.256814461030412,796347.1496230257
164.01749605425897,5,17.74206801284452,25.772435283885173,1247541.719428681
267.1497820473651,5,26.261987876008007,28.408311473924254,1613477.1305582072
82.28985378787374,5,33.73039264581081,13.356058351156813,819351.5092036775
299.92941832153264,3,22.5298509491567,25.109663480437128,1764762.4638977228
251.55031994826533,1,39.586012963067326,24.97290966635857,1212811.315218007
78.70920618480088,5,27.4661239701587,19.531932608532703,694458.0941821518
117.16933984623653,4,17.090185274609127,14.212955536680296,886110.7500850201
168.5434572718313,3,15.983341622027236,27.423880270222295,1124419.997632818
243.78320584027864,4,30.824986344754173,29.71250490595698,1521553.5279547381
255.63431073079224,3,22.37340706612289,2.2175774383780587,1508594.2154915647
144.1158417195124,4,23.142597750792532,29.687314864774756,1043586.3603352302
267.1169939744782,1,3.819247249572799,18.968861881402745,1499130.8604562765
185.68111083689905,5,33.34272105071339,6.531053640135945,1252955.5035374118
269.3432679819889,2,27.441932836002934,16.071423623940042,1352640.5177643392
149.75067596753257,5,36.08607763585896,4.817954075004494,1083666.0092589348
240.05696497242164,3,30.287765156952833,21.029713363292192,1333808.3313193382
92.72189684751646,4,36.54090143559044,2.2279260843991313,688371.0826759556
85.21425509494996,1,41.33573299655092,10.786929444572047,411687.71468822635
296.8190323287361,5,10.925491717706514,28.333832250630252,1861285.6386215815
238.3445463147354,2,29.94041481917457,7.144935582763163,1333366.3529297742
157.98625466052894,2,19.379761574138477,11.29619063710679,874305.9188752214
282.38228606195645,4,22.798963787996847,11.887792180369468,1712634.4608305695
206.88952002101587,5,39.440113195267976,12.835452647951769,1393385.7121004895
276.0396736234371,2,5.786880333935268,26.190549554879343,1443263.0477276572
75.28066903069757,4,26.63379433807775,22.478158317936746,610680.8724593489
276.33766048901595,2,26.27174562728464,26.33796468528453,1503216.9314543507
65.88958757150591,1,36.39735883653716,10.463814497027629,266168.55993509485
117.83725794347397,3,13.689565375705326,8.990890237365019,838570.3793824954
117.31080773734524,1,15.660313053508702,21.47859656145257,637688.6278659652
266.7680796450259,5,4.878125511964987,5.174315493594695,1797699.4089930006
58.98556844918552,5,27.242387954225784,17.346139159834102,662142.3902498392
147.0424815516305,1,49.4032783326387,10.674596881842252,718987.534432277
67.64218685010746,2,48.67286949880866,29.6421281778963,283985.25672835845
52.83841119185477,3,41.90760917759622,13.02733898205666,395220.44072173873
225.49171931442584,3,5.596796351076517,21.1781268520079,1364142.2727584399
258.11066020010543,5,37.31036287409193,6.106768668587245,1681058.085457826
281.1734045696407,5,10.14681837874511,23.176855102812095,1825160.9278891808
98.94778369732411,2,12.216997039323306,19.500673617857423,694753.8052399091
217.9731858996821,2,1.7969337460776669,25.736477864587155,1313955.5965864072
280.2181001329533,3,18.945513902940718,24.568694976898797,1582941.046207052
141.92895076485837,5,42.23947181430107,19.211808095518844,989099.7702844994
149.13569558031753,4,37.04906251372893,17.955374614808917,913211.2876649535
215.91779134066203,2,47.36976247932234,4.1046581780713955,1156211.9140488033
236.3598685460825,5,48.53710768386241,17.515050040995362,1505360.8413886814
139.54067950821013,2,0.10519215879417065,1.4242195074525958,970688.4096452605
173.1545234982174,2,45.50673183910671,7.526214408955291,888947.5605968416
183.0283713163289,2,4.965110137684647,3.326445147215708,1162809.8567818718
222.73443452561648,3,8.91262334523208,2.5049636860339155,1408301.2331543188
88.21478479608301,4,25.372318305987108,15.616109144293455,727218.6192893726
181.12784739256367,4,7.5260745831706775,2.5773317071470245,1286352.4809656257
110.03640469454827,2,23.330389234860792,14.430326701287832,582873.3754981102
152.18354277452408,5,20.789875034372507,19.751412874511196,1171661.1583070075
244.1032401854992,1,3.8539005975730345,22.65652254647782,1348318.993577589
183.94367101868963,5,18.67312980720867,21.54620122729112,1295410.5896485269
290.9049942723132,5,16.91315526661742,23.772795533964437,1932708.2549111922
76.79300283494402,4,10.443203535287,10.053694678310507,713787.7949874846
94.6361655135834,1,36.85482752160256,22.85828804241213,394532.64586541685
121.27379217346177,5,27.24138287725934,26.045601217601863,1007159.5850547517
129.7439075734403,5,9.563020895729334,15.502323429875895,1109553.909081609
287.651786734389,2,18.975145168735928,8.873463871274168,1505200.2360426758
226.71433596190428,5,48.91986394002979,7.632137872610579,1448694.6019419935
252.03009489110423,1,30.748912017056618,2.316695162592084,1254606.3834904723
98.0722547021677,5,28.96331769102634,7.299695707137314,837388.6176095128
200.78802736659705,3,42.359721951679084,14.409344130463682,1119143.0133958368
297.62628550016836,2,32.76412048458291,15.97630725833972,1571512.2428214592
276.89161848152327,3,37.0856030756465,3.7565383204480907,1592594.8547682038
208.35093912760587,2,34.394205493995756,9.41084661581827,1194162.1517678793
132.16613634247898,3,40.11771645796321,25.0372670113358,860765.9470690809
167.17328994874256,2,26.579973230221544,11.859931599072493,923194.7648826281
167.16516049853158,5,14.264516917865821,22.862087141270827,1276059.7292119698
72.82166919653339,5,0.009419977829094872,23.804374258782964,850713.4743981926
240.19626215422437,2,37.909250553826865,26.777735296105263,1213860.839567712
84.83901851820603,4,28.532481194046746,13.633698923238786,715180.7890370595
168.05373129048732,4,7.533805385493869,12.627311111718354,1086620.5398108568
263.86514600275177,2,5.88219940796626,1.4585826907558999,1465065.7490718684
111.6005083097767,1,46.433014350744145,2.312226481547748,543083.987615316
171.8577995623784,4,19.12901617853177,18.38919948533772,1131208.2136798615
181.42254557567145,4,27.4191018097827,5.125401953527647,1141050.5767572974
165.19469200818145,3,19.648711267264563,25.885491433282002,1022344.3951514777
136.4168208309658,5,43.08712474591477,29.515864047735555,1076745.7778675996
249.85259972726067,1,38.09534100662077,13.656168363158198,1199697.8676553343
242.74179498864024,5,30.597025266866552,6.929365695586642,1608199.6935357344
292.4774630404986,1,1.9010924118727457,27.66223473260751,1525227.1004884834
264.60318796075296,3,10.776493439566593,13.939835408348767,1570659.001028801
188.85792640065685,1,8.260196966892508,11.823993534997781,1021854.2260226018
277.3301005196955,4,44.7907298685941,24.439987747122192,1614683.2443890271
58.5971302788046,1,23.912764728796187,15.92582489652173,262730.4707431974
111.93274737528937,5,18.184656237807012,6.916715306418782,1051388.2765709718
96.62962759996356,4,18.571100093652287,5.611725108467578,753623.5031838386
69.4336592412462,1,0.14605163106810037,15.806292066870805,478638.3802083461
228.9930572118494,3,43.48815883408554,14.581575392080591,1321372.1323325406
93.07996780040746,2,22.50616805909661,5.367634993329946,626402.325871869
205.01818898212838,2,41.09633179699648,29.285825037246205,1091265.4064811198
57.857296421683564,2,21.69002561273859,11.566272914418729,393885.93975196406
160.38262534334427,4,41.30195258332859,9.582343776901041,1047818.2737045629
284.1824971841836,3,49.556321591065185,7.188407091294996,1642149.9782097333
253.19989181437563,5,3.7120436494193223,19.404538438134036,1737761.362260463
123.30269292451614,1,20.638056463301304,3.251582503674657,640986.8552759163
143.32732906993823,1,42.947834271031475,20.557589902605464,575235.1009041762
54.92763443859104,5,19.736717692241406,27.923121663452918,611168.3665208925
254.26801773731998,1,39.62606959814596,13.00099649430308,1253417.0928010633
146.68383657513436,2,34.295563552493185,5.122942954412971,807213.3244434062
282.6893314008912,2,43.3193257125671,24.96815461567711,1419084.149379509
117.01591020571907,1,2.0828409191341213,9.482976338811309,682407.918917991
202.86355885866195,4,1.683458910693636,16.160044105294226,1399183.941058796
70.69966698128161,1,44.80375558972867,23.74197905659274,220455.83401236177
282.34399728189646,5,42.62788909507768,14.134421037760713,1668598.0964909382
269.36800338176323,2,1.5557799958678842,7.090851135972167,1531838.6741605452
179.7294263207094,2,38.84640051636127,6.138582529324542,937794.177607592
284.9580309033688,1,17.089120236838085,1.595103627150431,1517019.601178896
224.00744916874325,3,34.18770527885213,3.990519509834198,1373576.0518266864
162.63603382752336,4,12.90866270955846,17.849437707878174,1111919.1500890334
60.182200579742535,5,42.8436968037547,11.323159942163436,687558.5389951295
95.85112746335845,1,5.2683766976402975,1.4115114324772482,640152.6515871588
288.7163201657985,4,44.85931704823095,29.891606309221427,1558891.0384424124
273.4731457627394,5,44.22121377509885,27.048903854643818,1696177.6579421656
73.41869195702311,4,21.44434394305193,29.475265244219635,671438.2670003711
84.3802360364983,2,37.360979387101885,20.289239632913755,486324.7819369051
68.78444543395219,1,38.05441530119378,22.282610793273697,240388.00825780293
123.03616213380454,2,47.11576948365964,29.04452776135501,561919.5832748517
56.62782763540545,1,14.824489064165764,23.351533396260997,363669.2403536872
111.48943209612703,5,33.869366075935844,28.52682010224585,911267.1458377854
163.3222086870069,3,5.2404032498786055,21.372161906065596,940896.9907191742
172.90396877920807,1,24.267949157994355,13.318374382326533,809897.3540949343
240.37765792936807,4,27.959240341466323,15.191917020149436,1419472.817337258
263.04537507963505,4,33.26460509890276,12.331899417559475,1577701.1221500046
94.09674662655583,1,6.496496226785064,22.154449325118247,571710.0534187277
274.63854713176977,1,45.195666513018736,13.458282363705875,1275551.7825574116
228.3373964711381,3,48.8726058995184,25.62619115954942,1340127.1604746655
190.31929939237406,5,37.17118930383047,16.79066730242761,1293212.8096228098
238.78431391840476,5,20.21198648221046,16.707746128286036,1584135.573203901
68.6376609199427,1,15.846123867247247,27.164855700404907,351718.26813118125
142.6180256978455,3,26.554267244262142,20.553506418188473,882186.0938282086
194.57003524904349,5,43.606785001123825,11.824534619420008,1350199.0383906527
87.16568193827824,4,2.11458746113406,18.408162355313074,819536.3366698242
71.02670152874936,4,31.75445529548594,26.026199570621912,569556.6243158105
172.36319006939075,4,1.1466405634021015,16.010292738150138,1246906.7759213836
232.25179201024682,1,37.409595298949874,28.7332827082383,1094297.579161996
91.06644948274823,1,48.576652119529435,20.409949665694498,403558.5591720268
296.50026595571774,4,36.51230735450729,4.434036136102025,1729648.4148699378
182.41264458900162,3,29.323954609435347,15.693506820499628,1028013.3753854815
252.52834866979518,5,10.804522659265375,21.003586628195514,1695410.4026110654
120.19309061021394,2,27.41602918632121,11.31978801851713,637837.2424881418
120.24079739805758,4,11.709222340774284,26.56534019328195,911080.0191690694
96.64251472150896,2,26.207958536308112,16.85431509614628,558795.1452355034
257.4354509268004,5,35.50677158990329,5.781658520389015,1664078.1407738863
283.18212083850335,1,2.4748426746833307,16.821970297405286,1494434.3199735265
279.9639041031901,5,44.78633629630864,17.721806206761816,1697372.5313035476
210.21868620080366,1,3.880732236572043,24.827790055891363,1127263.9512960215
254.50369148062327,1,42.09851857483544,13.686975871638083,1288375.078515387
250.91801922477862,1,26.934783367151955,12.3628949352215,1323320.9182026305
272.78577842451773,1,34.72252280653544,15.856257960061068,1353011.809352
110.60243310377007,4,37.2930019313506,27.396178011164942,765152.030922069
98.9957156047863,5,18.79964449706557,3.630929364813,922327.8135455321
160.19068673455703,4,19.256005995125,23.05230503879168,1078075.8774343107
206.0372269622835,3,19.882378979601807,10.633961557472327,1166083.4150060678
67.34032521879136,2,5.647160420558678,25.175650890174794,543484.6326940104
139.8727878049388,3,21.431527348523787,22.46467969408243,813202.2213771951
127.92776902235273,5,23.716805495310695,12.680167555405305,1034338.997426694
206.4649789285591,1,4.65152432300136,9.215838110322988,1143492.4318954253
137.3023936531652,2,18.8457082368186,18.861445554624915,810353.9597390731
161.50144323948894,3,49.74906846625465,3.3992871490864522,920161.3801935677
174.59194318486993,3,28.24921788376268,17.62347263903815,1013773.7104987929
148.11127685565884,3,43.602416922350386,5.87542572357958,916664.489288972
179.58241309093418,2,39.584999422667586,6.928776644536859,958687.3611914252
142.66053676672271,2,41.22674040435161,4.523366341545197,779650.4997759851
295.59465422715164,2,10.365450159377898,29.25318197019793,1555568.4697267797
231.5228334306654,3,22.584840961584135,12.182791873103794,1379063.6095722518
168.36794269514144,1,6.1216949179470515,7.244987060094026,915766.2550404756
229.76147629606137,4,45.32104819572184,11.346292637074907,1378449.8630211628
119.66161605915286,1,2.6401980234264046,13.019621750640956,665154.7074864542
106.98379063548542,4,33.91894114275709,6.903772948844453,828694.8034753496
195.84794869153012,2,7.616479473226772,6.778132677841107,1204096.976536739
292.3961569411397,2,26.038407091710635,5.460403714606626,1496155.2425726024
90.73360677035743,2,18.95135631095487,8.34735793173018,604958.0277438078
185.40855366521674,5,36.95132788939793,20.665301097672053,1401078.0093537068
174.31212647309636,2,20.1163562343278,29.986773642853734,972932.2903768732
53.038618672454085,1,3.234344675756579,28.060689797840944,331627.1360079597
238.6357185211706,4,38.15776456294447,27.812270605927342,1469778.0160102516
142.2284098924431,3,27.984422241896993,17.56370666004847,877932.5644771047
187.30666617653011,4,27.89100959646007,25.978269148637633,1169142.390469535
122.80728504951048,5,23.09734683354779,21.25102355959961,1040105.68430448
78.30951146018882,4,28.164446547690737,22.35095449388116,700033.5229337089
88.33785077902004,4,42.111537317197396,23.189649535686222,714423.3343335422
162.70984285103305,5,14.498505947180451,15.794303033233374,1320566.3010994042
52.70941287007459,5,32.53842737793737,7.2657433710982255,618774.8384533281
111.8370254357994,2,33.54715023712539,2.4110722461896863,603538.4713916514
96.13025483909433,1,5.0629957307579465,28.073561420271794,569954.3836191752
221.05825662803923,5,12.770674234260976,24.33784053770115,1593016.1416748276
93.59160725124786,5,24.808319205660972,1.894879224934101,858046.0496947173
282.07964064693135,3,7.2482536189908515,22.271115648271014,1628929.2842317491
234.3753120274371,5,17.018537315288135,23.78365000234469,1692263.15512437
90.17034331488892,4,11.751860740191255,25.152125154203198,736881.615575644
84.81801816584681,3,0.2832907264783635,11.257203910841284,783826.3306417181
191.2102833156541,2,23.770330392503684,18.108488601252454,938440.1413583509
296.41261352765014,2,16.105400211459276,8.796555531132457,1618133.2824305054
185.66115867689416,4,37.7053840158082,20.489625123815348,1183111.9278233843
94.2526210691867,2,0.6154851508037795,26.7654591877647,665357.8354324084
137.06386675582507,1,7.716078264153969,22.00598778355665,760693.0052932621
175.6800975231198,2,26.428905486109855,29.57381113633128,928807.5903109356
181.18910790805947,5,25.428964472378922,22.23155559844572,1208908.739766085
265.18264581408584,5,23.515952705089283,26.59929703952924,1688657.9408389041
215.0493441794328,1,30.673656931958813,15.869065433591505,1065493.1322864338
189.20031561458754,4,20.899496693524217,14.05337926776952,1318081.0405690125
140.77057409965877,3,26.612876557448807,18.93728470282738,874139.7605379649
122.17343419267496,3,49.08266619262239,21.796496485693613,742907.2846007845
73.2756919514748,5,46.48084614378421,27.29059410949272,635514.647840967
267.8651475469294,1,18.762995222133316,27.999289155673694,1253621.345680195
65.26948996371594,4,0.3355195152029977,21.49829781763569,683112.5344323647
101.58342960144813,5,26.29062994366619,23.72939928150023,839904.6523678189
135.26658776256463,3,36.99931933428059,5.562462120053019,801981.3455770395
182.838657892037,4,19.53641828068066,11.833089230382775,1132104.0429138066
247.14930280613268,4,35.00171363860522,23.52729663205675,1505204.2019459717
167.8940471375396,4,18.113404354929557,15.545695297620503,1123674.0227802761
235.28016232251477,1,0.15839242903508688,18.950755376259057,1265128.6198129691
189.19072325348245,1,35.54423583411596,28.51358745934162,917524.0248318348
199.2107122292223,2,11.512546035525734,4.390782530236352,1194522.0586719369
252.63833269545822,3,21.926924426871775,7.714904642986416,1558754.5034074294
232.04718905090084,1,17.713388242052332,19.334906375167968,1121035.230021589
215.6305710884955,1,6.261678521641356,8.128415739878438,1071546.8690158937
144.92310204181672,2,36.242824965750856,9.201232789444491,750677.1052693964
240.4049038321794,5,34.77078241640266,11.48959739092784,1559287.600549545
237.49011759979444,3,43.77556132763081,9.524523929490028,1433133.2371855518
54.14695723196404,5,36.680791502115625,4.538884335333611,740006.095903065
126.06056073988444,2,1.7785433517774174,25.052357181796864,751878.6158560315
154.56075907265472,5,42.70679988252522,25.589908629137106,1047441.3228852784
186.67756983581992,1,24.300775148876998,1.0128406616790286,996694.7591423444
284.2074348311895,4,16.867007050851175,13.761683348772562,1779716.7271229625
118.5138051718015,5,10.35474590882856,28.230896240493347,1011916.8129085926
56.591743624313004,4,14.245401076548042,15.88767809652255,712331.0153448479
93.8428196558624,2,26.536867764341793,2.7427959009669345,571543.4403097783
207.34965953381564,4,8.5290955778545,18.72876146428276,1462780.3221053015
73.49548496021725,5,16.988873578094253,21.40997701872472,819819.0258717611
81.07430587138619,1,29.570337971124406,4.631396225988111,469467.33955724095
214.73098547753784,1,36.52481804793951,23.433029514081728,987857.4476161242
110.9974108447709,3,7.819090220172398,5.72163644062905,851978.9160078783
99.91844553958992,4,27.480802185946224,9.98999817798189,784503.3082263999
154.69263122301828,5,32.22955873711718,19.77797748045753,1157328.1568152108
255.46501482258904,4,6.012361325583782,9.606813778575667,1564562.8503081978
216.25916863656386,2,11.957938889112151,1.1457700256842904,1239503.3703023521
285.3662021941313,4,12.716099058915836,2.015229529397364,1735753.244207988
207.78465649931573,4,28.099642373340338,6.551402734486732,1327239.5715326546
74.41802850159597,3,0.5213849698701534,17.00771876150091,623224.8581947946
138.9181791162373,5,26.363259045762828,25.82784247139856,1044766.8889112497
67.79716211505725,3,36.983565036338184,13.162298738342178,469234.6074443957
290.80563486015285,5,43.42757531601444,15.375408756724841,1695533.066681008
124.28042890579376,5,8.19405118902411,22.966468918070813,1017081.5163629485
66.76911934710687,5,12.71156918743478,6.785654132958644,821347.9031181906
65.84374261819194,2,24.59655500528645,21.376565969888638,408246.96459433966
215.88434300417765,3,46.81605769845784,18.07905917342136,1236922.2219159512
134.75744776217516,5,11.277066496286631,24.128873455578784,1105717.8909665241
101.28491012050179,4,6.480032559772098,28.39530623296176,910507.0784798467
150.1907652188315,2,43.29100826111776,15.874742778468205,753260.4982665735
253.44875492673717,1,22.523265082890916,19.78545275555992,1348023.9667428494
169.0126005497749,4,40.493009368029306,9.666856922511894,1150442.4700128136
106.1512057349955,3,4.135773076217674,28.227953841196975,645225.4096715726
114.56109707473959,5,22.44265358373541,16.46429057909397,914000.3495282232
191.6011600742243,2,32.14094574000871,9.557098128664972,984626.3003868335
208.38242769022366,3,26.0148288459327,23.641223742826128,1223674.4754506815
114.85585835782312,3,13.33375983309888,3.538911256805638,883304.7012923212
86.22371802280577,2,30.107282202624052,8.801569757151004,601407.0799391562
88.13476072856534,1,41.071599582129664,4.573744695773421,403895.5715642767
197.5576667172718,2,28.043723168130878,26.317562426861766,1008104.2715222717
248.506297317574,4,46.854551422939736,9.77189184586987,1465811.1613928436
90.30532181350111,3,37.11740252862546,15.954122769837149,623362.0690944188
293.2526386881114,2,42.65448117018252,6.420518777645388,1539638.2129508604
242.37323329798423,2,29.650725018029885,1.7240204414816578,1311942.7305617146
177.1426727911757,4,40.587610843285496,14.340069471843169,1184805.8051675116
247.40453569863848,3,1.358750804542208,26.646919863666167,1537299.8139433768
238.09363235942,4,0.9000044472607494,16.126382484329387,1531053.4218367042
79.22451017709102,1,2.208096808891563,7.371496921350611,432688.70852563035
68.96583202716599,1,40.83616012792723,9.075268844833618,269728.52234615147
223.487111116775,4,35.50550282108533,11.550479593087072,1356934.213496365
70.05843641541055,2,49.9856902077957,19.31766193740386,363398.168196432
184.83556047891267,5,41.998199014109126,18.122501604858105,1193601.6154683745
273.70683760691225,3,2.1867812939984743,15.345580498147216,1593168.5577564058
109.89047266674311,1,29.968448283146692,1.5994696978652294,520564.5784026631
256.61436652693544,3,11.638157355064438,22.53339415237222,1404290.5498786976
52.74895716462012,2,30.16459028574715,21.593846576371583,324942.233512267
215.87544227701395,3,2.864012553881168,28.883886830509457,1209782.5255644699
211.4793103329003,3,8.416847795956512,19.359106951485877,1273711.4294119014
290.2675793673638,5,5.801134067408464,19.080857085059595,1929387.840343807
112.12228495361643,4,36.157474323231476,8.869612942631306,806994.0785018388
200.2787529358022,4,49.413763550006564,16.153651785229542,1265196.7215651774
281.39212822669407,3,15.159702973052303,24.717832863995856,1691042.8718834943
126.15344229334268,2,33.36751990232142,11.932580715862123,691710.4209755373
156.05550231174408,3,17.020292167478235,10.734541158132728,964796.1757965848
184.27663545463693,5,7.579214643493998,5.014629306552435,1513806.0860930362
129.23050128906942,4,1.1017580148752093,27.527202333738604,981429.9267381305
209.35747537455163,4,18.59663339584324,19.197110581744102,1252264.3211334161
145.97280534330287,2,10.03255087018806,1.2524782648137638,911413.6585831466
245.91325318528578,1,31.893854633181697,17.17989590937032,1198760.2771600704
171.13074629775534,4,42.08616808723381,1.1658388594628892,1090077.7086330217
216.29930517405003,1,36.70148812946532,9.875492442160851,1093021.1754138349
263.9241170265714,5,4.267066824216243,6.485033900666554,1785076.8753723998
85.021003809131,2,27.127290169771147,17.8833136726851,514611.8663141696
59.828034960274735,5,2.238922525233411,22.350637593327953,728148.1345346079
103.95525687421079,5,27.62568073913626,28.232655783048425,896826.9876250873
207.95930304244982,3,19.080596993360004,10.239659920144607,1339159.0449816983
277.06647149166344,3,24.329883112187655,22.86106131650734,1569509.3036894153
165.50145091103317,3,1.1013460611908499,4.664337958120807,1178305.591685512
55.01779944443159,5,24.39255985962032,4.846692750427642,715458.0386840405
110.79304774986352,4,23.407707065051518,23.428050385685243,858353.5285539163
180.04087527799834,4,12.834711415502293,11.061917132302193,1269043.876747788
213.18652696296868,4,48.72959056676648,7.24952200715898,1258866.6014571034
287.6028710191397,5,39.33751675772184,22.20817907139559,1782492.031999878
175.66975580721538,4,11.271937773184693,5.338442036281624,1304478.4517235307
202.39108349497423,3,5.206867896014372,16.731659100417026,1214333.8812078387
284.58511420525946,3,23.824169188914635,7.2705832647056114,1594787.022361807
258.7325591998248,2,28.404625616893362,24.039943717751676,1312002.2718667055
144.2361073562269,5,32.22351385605168,28.32912016606603,1018167.7043425606
192.69457616722798,4,12.34537133337928,14.609271592447922,1289625.5555647817
143.6531536566178,4,34.343049883751455,15.311528772477839,958865.5981208446
195.84219127428992,4,12.615362491970327,10.49901279022384,1304248.915772829
234.47422917394212,4,8.442710333884307,7.645986585210702,1541526.4992055092
254.30555005030396,1,35.012597972226054,10.047536589466135,1300350.5483556057
77.51298113191919,3,37.93381950555024,6.816247281116505,424956.94609263365
274.51357236017844,3,13.921970412521729,28.506585353327647,1608374.8338920563
175.85431771371424,1,8.281417351413268,6.8308894094484085,958148.8200158058
125.21957745419242,3,43.713123530511886,12.76678388983677,803019.2776473308
91.57084218901986,5,36.28136001372079,4.329110890287123,858441.1972364496
274.27756498814426,3,24.045300037653483,3.8279154435860265,1535164.9440899538
222.59870715734132,1,32.287025504780615,15.911830160270837,1038233.5291506321
248.94816735902526,3,17.798668689742637,14.282644138379503,1303388.9686471324
140.04766035281574,1,47.33189770998036,4.394915201300891,582161.1890044147
75.78096720898316,5,20.415317137972554,13.855888775998084,814371.840701664
129.50086874296596,1,37.47727422344441,21.970719942594073,585895.4182280415
269.33483834524526,1,28.27749824607202,20.46060323193752,1316464.3340474737
90.40717852365344,2,2.492101389147078,16.681302446860023,673240.9621594511
226.56055678912406,2,3.4170467766130197,16.699718694560794,1283601.262546302
157.04603707932858,2,36.25778637755574,4.369537739237933,889373.5489791554
162.11138049457995,5,6.442435600012741,27.20319485954338,1157852.4564791217
296.10054517588804,5,33.15036730708879,9.06574550911176,1942776.159654463
192.47242121782912,1,1.2249224133826175,21.493590476653296,1065982.912549521
254.3608904346102,1,16.512138966820267,22.733354173443452,1246667.7326977702
154.73136237613699,3,43.327399087454346,10.791829757977803,1027139.8937412238
109.54569526168163,5,2.6099314522485817,10.744204710713154,1071874.2454088582
177.68682564439143,2,6.235702845569524,6.542442575384076,1112159.583530195
110.61762590868241,2,19.77171339964572,27.58149574762992,567600.2169851275
176.3130931119643,5,45.18039221733975,8.391585218531587,1212808.0177126243
95.39942920035642,2,20.06530121098561,29.761413548398234,587909.8712563887
77.6579342388018,1,34.88781380367148,9.805094206171367,415240.9888139262
269.3001352032771,4,1.5274728546689986,13.070323706515131,1760806.500949009
152.3529130478101,1,38.115451601096936,9.519501279057332,780835.4787396461
262.3058526235445,1,39.3563301300802,10.07303166479877,1281308.0410985935
130.51979139579458,2,6.502389125556935,15.837435818957236,823718.465726994
159.03163228382917,5,13.362631489679766,19.475746323908833,1218871.505401637
206.92701326785448,3,31.645316533921708,24.971932019572172,1154580.6086157039
283.59175369225375,4,11.732672088792468,26.80662806773111,1712218.4970224812
85.02829394161313,4,28.7677701625778,9.573981706762073,629073.4666182721
204.563692882574,2,29.01107593925147,14.508946843470616,1150064.9771040066
56.346588915086215,4,35.98269083052652,7.575494347801393,542702.5131936189
87.91871993318779,5,5.220206487404072,3.217918709480079,912751.81432122
120.50864314282663,3,15.745979430648383,1.3332817256453442,814173.2127463005
233.14302430256257,4,36.24905849620262,22.161645288425245,1395799.7560492412
231.42987709708999,5,29.543372063552077,6.269975503616538,1529898.8726948595
225.6210209967773,1,42.345936404427995,15.986908234716587,1124191.3141710404
133.79931041147523,4,20.122331871683446,5.793766298000877,1030261.4005581054
296.6598946252939,1,28.35853899596928,22.24000207956739,1451704.1274901787
195.91402796271802,1,44.574000781175336,16.4157445064748,986339.4347649845
282.42441308564327,2,40.75591922401839,14.435515944911108,1407390.435754715
156.3591096541042,4,22.92332122846289,14.191300841283178,1070589.6010054976
194.22597115658976,5,38.59288630908107,13.485666075708508,1386404.5415739892
286.5288655334082,5,0.14406258328072963,14.794946722317803,1970344.300111777
141.06746526201886,3,25.584069329075586,13.440563023385824,935426.4623962793
274.1913561566063,3,29.14922130823012,27.826368084947422,1557332.63299728
220.7516933540892,1,45.26799371389352,23.735633401991308,960806.1051030314
242.72805093645547,2,20.782109334295285,28.547090379136204,1306231.3831223769
94.50899171743785,4,33.7570030574834,22.798608988664657,735073.3140509672
173.12942345471598,4,4.321230538127324,26.46155041256021,1136320.0294553014
277.11264033340706,4,14.62575455353709,20.261849679081784,1740884.1340482032
78.00972554201309,1,39.119416473004364,3.024218983824239,440344.27033070894
93.32358001771144,4,44.847896521176715,26.811653738492325,714967.2533442088
247.29280965183457,3,27.269056060915126,19.511344953962972,1402277.873371467
129.8284093976037,3,8.454053517799625,19.33428133486452,836849.6937209677
53.25048087768401,2,34.40222219180069,19.89395481653788,420922.99096724176
220.3756805559823,2,22.061185682766325,8.142294545505415,1156438.6261187238
285.0575603562394,1,5.537422265947906,6.980304747440057,1533257.289358902
192.51529252234124,1,27.255276413034984,16.885756137116264,982879.0609978436
108.05317378670432,3,39.66970071526739,5.814632885642963,660848.972720286
236.86773453343915,2,8.367986656931398,10.22502896020069,1330186.0744613665
177.9193605289165,2,6.7894523531968565,1.397257961858522,1025708.7191231943
143.89573815998602,4,24.86279651573441,19.607325355993282,938267.971839827
261.2188277423636,3,30.688870940784952,23.76783370877552,1440495.1967472853
233.76776095097145,4,36.96473675823866,9.15010436004982,1514676.8752466938
116.30059192043136,3,13.406951004775669,8.177792121071946,858015.9950802226
278.60298648123995,5,32.547866755903634,27.23822390872342,1795611.8736411748
267.4740905155321,4,7.931207226318898,28.037359988637448,1744886.484135578
60.78997798764403,5,1.2570979138636362,29.43263153784078,695146.6359025083
61.32600244301113,1,6.491322447585879,12.11524294962384,373968.5025960233
90.65423483622283,4,31.12598478648726,9.145576990401068,778846.886763205
144.32104077615566,4,7.3530925283294195,9.959723711976427,1081907.3003379144
158.70683465093657,1,31.045429510885402,11.298817784860564,732998.670964026
208.36955495653683,4,11.163169275259815,16.74762149513616,1371044.8640006005
273.1679277692437,2,36.8100212530381,10.223437603976642,1476196.066599679
237.0649225959146,1,29.79944210917409,27.189718108419612,1151481.6596542818
97.67193016591665,1,33.80541157072056,18.688305199285498,457645.0310159432
201.67876159571398,4,31.854541854045248,13.068215661577595,1286780.4689304014
272.6318201849738,3,23.700321424157796,12.66771370188265,1587165.1601985672
71.33741701966096,4,46.50854827192123,11.919378345889651,514821.51893678505
83.50380711266018,4,27.47918283610718,23.45477780539326,729983.0782852693
61.74149169376376,5,10.249060476340821,9.533735362476316,941777.8965147975
281.64690629037364,1,34.74411868379796,13.501519016075394,1418937.2445637851
268.03097723603787,5,20.806071403554615,20.025595637295414,1677848.1401986836
131.29583050668674,5,34.264900805793665,5.170616159129597,994146.5736422907
278.7160975551121,2,31.2212723235864,12.061790200986033,1425798.0940896443
88.59067881855057,5,1.72306297125,25.17996657664599,932905.3285966612
232.05408715296488,3,49.098459522307266,19.332625476407266,1220937.5889677608
259.5821761777845,4,40.910333437412376,21.492393640560294,1480172.3450148685
252.09933702911528,5,48.799542479939625,23.748204882099113,1608375.6090327043
288.5127568146806,2,14.8363820552045,16.892938343262962,1534508.9246741487
219.3910904605706,5,38.32942619858217,24.302025144613097,1427299.349626097
157.91488655741983,4,38.6769445767282,26.18391285030008,1036803.8820292014
230.5667329639148,4,28.958762768736108,27.53401008726109,1410924.8624171417
168.01673627749983,3,13.448401579769298,23.78856671858282,1082950.2856654217
299.21856296148684,1,42.21243512029092,7.729616451333524,1469788.9490412672
101.6053179401508,5,46.86892190821604,7.959691552228768,849978.42429651
180.76635619227983,5,38.12981973470876,17.004436956214384,1227360.2300014098
173.4488990910977,5,5.296535627924648,8.403963218614017,1413486.1409650992
53.63616641697048,1,32.322504506230345,12.20014779169389,195106.17302993528
285.1146460882286,4,41.39341876610864,3.0912216949536204,1713569.0387645815
236.90234504406277,1,36.65255949299967,16.36655657156726,1148198.0533167056
265.59092718668626,1,41.45088662727455,13.871916464217733,1334700.9553041013
130.91980910106093,4,17.673037027339124,14.15379099776219,1065866.4470244567
79.38156169427623,1,39.45804232943657,12.944077472107384,405422.7566454554
190.23449288384657,4,33.133225652967774,8.48869957031864,1216327.732817364
74.86034818983629,4,34.10969403133052,14.504793711106107,578427.195443557
75.36788571650803,2,0.3514601906809578,4.436278404283617,482677.4565026387
143.0045214481958,3,3.633543580500814,28.333407918083385,991490.880063634
54.52754595521013,5,10.731403662940142,14.655153330472126,663096.2682095129
157.24850684375457,2,18.018890996517378,24.36949144591716,934416.1771853969
240.61467143517262,3,15.306867043979661,18.899345370459123,1334379.1938690837
175.54875258281066,2,33.79238732321682,8.695733236457286,981997.159850475
236.62285127950602,3,13.785992654777612,15.54394838291228,1368473.3423217677
89.00466011060914,5,44.46954580644221,19.459620755847276,701466.2396354699
135.52043717897686,4,31.604491475312113,14.876387371422895,969865.271797216
102.86200174913617,5,41.77401181911638,1.1550386647765691,855278.7666346467
114.47192135830058,4,32.092997942767774,11.05969331456718,838846.4047071307
206.97509737272694,4,47.33222169967731,20.33638538373302,1232565.9411711772
159.7837271425546,1,31.627205498291396,2.6014531015478255,836920.4694851869
78.38939804990726,5,35.87860623657972,7.010026693297471,773337.5728456702
260.457194189568,5,14.921745618093835,23.50143445141187,1765406.4662393164
217.16080498110776,2,7.399207368291738,17.81205855581952,1312707.8737739495
56.3547816860238,3,28.858639164377504,1.9514790997296447,405196.38453089126
156.0326678255965,3,26.313923016910135,15.90167130272134,973775.9244909182
248.81682796497256,3,15.594954000214024,11.07770539033025,1509182.1544763385
205.52167505696838,3,26.499576146320937,4.875866860905022,1279266.553142275
147.30041968354078,4,44.942369409012365,25.01538804118394,1003038.3188093365
127.38190407158194,1,23.48208873403545,12.882437856845232,636830.3110611545
180.0170052944527,2,5.697831735715858,26.944641129751403,1049515.8310507145
66.26289824631988,3,44.94504120031177,25.80100256553273,422847.5390762889
210.28690822132432,3,7.259825644233015,9.175652244237146,1305754.4110968616
208.0660719798826,2,21.119226109215294,16.08214777222336,1189534.896896746
210.50791153857193,3,35.30095038320123,21.4796023059374,1215972.3432770262
285.72742597812976,3,6.89114495796177,23.012999238492895,1693749.565308724
178.5586096034029,3,41.52672282024199,7.729155038132073,1060086.6336948974
107.76869914701786,5,37.701151746419114,9.075651138899017,1001367.3112197509
248.7028258854121,4,17.296022375084714,12.93800835324437,1599933.6666661634
272.5659459727291,3,48.53831032373915,21.22098715256185,1448385.913385898
81.8721655829956,2,5.047059998876074,1.0910862753955413,604809.1675961612
253.61712064723395,1,28.862486538430655,6.831863095837356,1276922.651589191
121.6353130320711,3,0.8972839284245915,17.923152052419738,875793.7134996228
218.1296140192596,3,23.95350315516756,11.117812176212883,1316486.6954594816
152.5992067474154,2,40.83784650597641,19.683444985873535,812637.548632926
153.15441922785664,2,49.587130858391944,23.809149089334564,676403.4277368927
95.47002109978621,5,27.126718426612573,14.384164900069598,897688.2988114458
293.5987019165416,5,1.9882982494284773,24.797363972621014,1889321.022885138
140.9074005948235,1,1.4535690171976867,8.331594576586816,738268.5104669575
257.18437728798233,4,46.41587664242885,19.03914730875882,1502779.8099312943
292.46970667690977,4,47.79122418603761,13.733771392274026,1728756.889022592
219.7755797861224,4,49.742898652966076,3.010521581245178,1412573.2448015471
51.738032632797676,3,25.10251067442236,2.5051273640319613,525514.6849992939
198.7694826750637,5,34.50482791189217,24.852344829416584,1423981.3617879176
198.53267883803377,2,2.2193886085427215,13.94521981763265,1222214.4013839907
195.14708756951086,4,47.14919084080213,8.326734888017313,1244607.0926669198
111.33727742033024,1,15.757351956627662,26.08391554834086,662863.7945496009
120.23362742184518,1,24.80239193399433,12.203372019217511,647978.3867461786
81.16567030081671,1,36.03275726415566,12.680499163754098,396266.2752508037
95.45624180177515,2,40.10652790637938,1.3778574649554287,573835.7935831259
218.03388685146965,1,7.449986807462173,14.974156898963882,1079774.535454222
80.5095587111947,2,3.4627153142929967,24.434299188319066,507565.32261616946
119.34529574528317,2,23.644856640545242,26.350949782553755,656767.3147871384
120.46369369334998,1,36.90345616692586,18.11674711537589,469909.12347483006
188.80020289986558,3,29.2905072985951,14.99251218682546,1097199.4166130698
235.98657314316924,3,14.016723039576046,3.8589048836499575,1432237.7428865223
131.34992453981693,5,1.8143811306751079,24.67591276398589,1112827.820395289
196.5574580041993,4,27.449022472082092,28.27215701172166,1266865.4293976997
284.87473539104724,2,7.831921848690415,28.690562798115575,1507476.0429727419
56.773998125870875,1,32.38565855314607,4.578623640962297,238608.7856471795
225.9144648450059,2,36.98651660427703,3.2372098876478743,1135874.4779110993
276.61802774113676,2,4.4906077141387,7.010916392962361,1542697.0175186463
232.71686880091107,2,40.32946711631385,6.816036357512728,1211514.7673871717
193.61827829497798,2,32.00991557798119,28.282425690995527,973515.7796962031
180.5608150137011,4,37.53647534996736,18.755486372093493,1149563.0993176356
62.95588420560673,2,25.645120807359877,22.476376974525788,340986.8794660881
146.27443215048132,3,48.36780888941376,10.432363271812006,911440.2831852359
84.94309415657237,1,12.01911943497419,4.710170810841712,455564.6646974783
212.30257552901588,3,28.6674672817609,22.854244291626834,1367338.1387434097
173.15627607271477,4,26.565826028402956,29.601153486590643,1197890.4434398524
279.32839386556066,4,44.88373363389783,12.914855663374396,1586201.0718243096
179.70951428151804,2,44.09960848608179,22.50647596410178,873737.8963088021
181.09756733189502,2,24.928539975285457,18.842355945190008,927259.1177218293
123.39796106612334,5,7.0479813760884635,19.290313663604767,1082621.9583524053
71.03499124876221,5,31.558532297835317,16.494426004916598,579856.7523079084
208.07645764839486,4,41.25653338330576,17.242659225858468,1271305.9682265457
150.87071655309927,2,29.816075943018415,13.561730228139826,789100.79399938
90.91398571642613,2,1.5395024830223925,12.482886073680541,757392.8482733767
275.63822666989165,1,37.96243665304214,17.04802544810668,1448288.344694353
134.15106954848017,1,4.68362103529551,3.7523447967530403,797135.7664592082
68.44914118384972,1,23.221661811277137,20.688034027257373,379714.4937651674
51.15800575115072,5,9.451976236376586,15.232185194658452,655756.1707914564
261.61307293362955,4,0.3044374119919535,10.039005026936202,1672767.8628761522
112.32305728721875,4,44.072538983751066,24.975656272761164,820971.7548223225
197.47942171365827,3,29.934620115954868,6.375810593392833,1253755.8317147745
251.708684816816,4,8.356600573561062,4.244537879924591,1599276.9207775102
287.67857660247904,3,19.317445492415775,12.363890595863287,1619936.924380505
278.5747016401248,4,41.48815601438224,29.7591861278011,1636351.4270268774
76.64956328344294,5,15.095835003875091,4.975594284283939,773677.8639893362
103.24104037722768,5,20.633766304169832,13.034165246602267,912668.0011416231
265.7758564688984,4,37.65936679567014,21.8556370113925,1528343.3853955136
52.29926290415741,2,39.01065317150512,14.985666476313574,320311.19462194253
291.40800826863983,4,11.392120877155499,25.22682709442165,1779055.956610403
87.47935683719345,4,5.646582134300565,13.810648257493504,835622.5628268396
287.449978322981,5,23.714421021563027,14.898542607521588,1862837.8735620596
271.92604568957495,1,34.96576875631018,14.316487778244293,1312869.211453849
77.79937057653784,5,31.30880857965691,17.585453911667422,676654.8983139363
290.2976409559785,2,43.99109569758476,12.928844528475173,1486840.3112794636
228.31119680574875,3,20.670822464763074,24.87166409055692,1367441.5491437644
74.45854016275037,5,49.420799470603825,11.290964091638287,755919.4704431664
274.08395463027995,3,4.993341056808909,17.48548205673026,1620255.836505552
137.64688970164923,2,44.40195321800589,18.066643119610674,674427.7029610466
203.96252451305412,3,48.989122892726094,10.658011282356552,1143017.8867427919
107.31284880816037,3,42.10372186992896,29.542800477798586,584209.3906985938
288.48214425064685,1,39.38565077638543,6.956640845862851,1348610.8649431404
103.08477766956904,2,32.95177671018404,7.20475412195887,621039.7752898223
223.9935515234245,4,32.13373288362118,22.541924272283172,1369915.1607815116
92.23376576804114,3,4.94368088203177,8.65612614882451,762131.3984705628
94.35988594493071,3,0.19085670621735717,12.85454057564483,732451.3254821384
278.31013813911784,3,43.099345420213616,18.265430176499518,1552902.1904559557
130.19501624293395,5,11.792879957184354,14.015595726651574,1148213.8863511228
53.27361414708341,3,18.86568307031618,16.136637100878353,571997.4921887376
118.03628430749067,1,22.929897175692,4.069743840459356,640609.3260824826
198.39811338851217,2,22.20638565828758,12.327214619871683,1162603.2050044115
63.69040970550783,4,13.577352370562117,25.786400052702728,594473.2916886013
196.07857798077507,5,31.980278058884092,26.682973163011425,1333702.0367923242
133.5609727042402,5,2.2281911724339576,20.782441685287413,1126257.4509449757
221.1827931384698,4,23.648567304775508,1.4497415881711733,1500360.7108795033
163.10987903317334,1,46.54436860304042,26.925570946361862,603171.3707251783
142.5396750638611,1,24.724056564754648,29.479436573462912,667707.9455575123
148.0610112749331,2,25.107680498099345,18.393368134144442,810057.4519721008
89.03814934154758,3,18.558080739287092,20.430943596419436,702766.5128733562
84.09286889669244,2,32.30480875025315,21.670552610288098,490490.30374680087
192.90317236747495,2,45.34714044174169,2.757542323732384,1095623.4711773084
110.46307272511292,1,34.88353137600376,12.229880864164782,461498.9510187702
112.94976472673818,2,10.55562355830681,11.064808686482454,730252.5013337957
170.28502546370436,4,48.48038634240477,19.634750699385386,1047868.9506720443
298.2411990298251,2,45.53382897175698,23.17922820131904,1489882.5664885056
114.47570676123496,3,23.07227559436563,6.920830215879047,838238.5434798085
203.35379898394746,4,26.850374417567917,22.549364649310025,1338034.9281666386
61.30682222763451,5,27.504597022907802,1.9459205019054286,658929.3757284798
181.92527727157497,4,4.110353185589083,4.314287329941404,1296610.6081907824
226.01994202480589,5,37.49253822182331,9.90023088264253,1463878.5440189857
59.13741696202372,5,47.19911526816048,27.811151593225098,554044.2757012467
185.88821527849714,3,49.732432077999896,5.511571669209767,1077667.0863886091
262.78416787921424,3,9.150772211736358,28.296900999013697,1644573.584927492
84.87346516301045,3,48.53749788353351,28.634007083936996,498106.8509718279
290.66210366948127,3,13.822084529169803,20.284840970895438,1640044.5374796889
79.70447906701799,5,13.388833774416709,20.690376298103217,747355.665026449
141.9457831798133,2,10.492099742820471,4.768299795770296,850168.1161004866
249.5737947416938,4,14.529377990317755,2.981689040522522,1602638.7325957802
145.78463206237438,5,28.064677147420134,8.918177960506396,1118116.9015592462
274.3039394883317,3,39.1290969925669,1.4657940844491781,1532864.2408931085
250.87023259621213,4,5.3171863127887296,21.67584022790537,1640464.7316409382
234.11105890618072,5,23.158635837567086,27.195642416895605,1671161.1562474458
193.35947203082154,2,11.336519146175533,7.721724118391151,1176255.759122927
205.03314945038417,3,13.578438237551993,14.486602200718687,1188138.7324634385
158.46291230949328,1,16.15055991931069,18.2492932256559,844816.4925645245
255.31432616800322,5,28.852033223095543,23.6361247797292,1655044.079820073
248.79654869217592,5,9.780463652225752,7.394027110725819,1741994.8605191722
296.62881219824493,5,17.80928235587971,15.330282448498597,1934969.369375311
154.35275078719474,3,19.26879415236809,9.992451611939897,1048136.1304283005
109.30669793399862,2,35.45068621435159,14.373840136363391,558436.2468049757
117.68616828588844,4,9.30115000028328,23.12390673107656,925373.7534050443
76.97285674832611,5,43.856922075570196,19.44523159461908,732518.9772624598
73.6107401889821,4,21.00593639238625,5.18724133187635,580917.0709128809
209.38936783880328,1,48.25648710634983,27.208969581479124,917767.9948848638
64.07581892045934,2,21.459129669817845,26.27258421991948,397637.0040099654
138.99316966281538,5,36.63176173504164,19.965828677854237,1007603.8044014287
228.04480533688397,4,14.137284478938101,19.125846396470966,1426645.9683917027
121.42802157046518,2,36.87828745464134,1.6421027887062543,738809.3060530894
274.02282498087334,1,0.5515807131232897,11.50311138916312,1414256.6949475335
268.3946560266943,5,25.861969085716595,22.6921373547707,1753954.113595975
202.96322368059487,1,49.5794204435137,12.460971862989135,942322.3887788136
183.14735813789648,1,47.45560715447203,3.278177096788087,904768.1348019099
99.6789203835431,2,27.20082895913758,1.7980563690720435,628191.3742205218
152.59573075890745,5,13.895104862443391,2.381596465658691,1163253.4117810423
252.3402888696284,1,33.209395725270866,16.938581787391943,1216463.1267202173
243.88190417375264,2,49.97331241078153,23.402972296302718,1239334.2413996262
225.24228286478,4,22.49211039862796,16.42478329121791,1426199.7427901742
128.58899526908166,4,27.902116257448352,26.505400551115663,913883.9546003859
